{
  "run_id": "seed_2",
  "seed": 475087,
  "parameters": {
    "N_E": 200,
    "N_I": 40,
    "eta_stdp": 0.004,
    "eta_istdp": 0.001,
    "eta_ip": 0.0001,
    "lambda_": 20,
    "noise_sig": 0.22360679774997896,
    "T_e_min": 0.0,
    "T_e_max": 0.5,
    "T_i_min": 0.0,
    "T_i_max": 1.0,
    "W_ee_initial": 0.001,
    "W_min": 0.0,
    "W_max": 1.0,
    "W_ei_min": 0.001,
    "h_ip": 0.1
  },
  "sim_steps": 6000000,
  "final_activity_E": 0.005,
  "final_activity_I": 0.05,
  "final_mean_threshold_E": 0.23149791867573438,
  "final_mean_threshold_I": 0.4692614126824767,
  "final_connection_fraction": 0.10128140703517588,
  "final_mean_weight": 0.04961548002976929,
  "eigenvalue_analysis": {
    "checkpoint_step": 2000000,
    "spectral_radius": 0.9999999999999967,
    "n_unstable": 0,
    "max_real_part": 0.9999999999999967,
    "mean_magnitude": 0.09638141735632094,
    "std_magnitude": 0.170921843802686,
    "activity_E_at_checkpoint": 0.2,
    "activity_I_at_checkpoint": 0.225,
    "connection_fraction_at_checkpoint": 0.10103015075376884
  }
}