{
  "run_id": "seed_1",
  "seed": 645677,
  "parameters": {
    "N_E": 200,
    "N_I": 40,
    "eta_stdp": 0.004,
    "eta_istdp": 0.001,
    "eta_ip": 0.01,
    "lambda_": 20,
    "noise_sig": 0.22360679774997896,
    "h_ip": 0.1
  },
  "sim_steps": 300000,
  "final_activity_E": 0.055,
  "final_activity_I": 0.0,
  "final_mean_threshold": 0.5021450000000001,
  "final_connection_fraction": 0.07889447236180905,
  "final_mean_weight": 0.06369426751592357,
  "mean_activity_E": 0.026699999999999998,
  "std_activity_E": 0.03295618303141309,
  "mean_connection_fraction": 0.07499715242881072,
  "std_connection_fraction": 0.02842353176133857
}