{
  "run_id": "seed_9",
  "seed": 475094,
  "parameters": {
    "N_E": 200,
    "N_I": 40,
    "eta_stdp": 0.004,
    "eta_istdp": 0.001,
    "eta_ip": 0.0001,
    "lambda_": 20,
    "noise_sig": 0.22360679774997896,
    "T_e_min": 0.0,
    "T_e_max": 0.5,
    "T_i_min": 0.0,
    "T_i_max": 1.0,
    "W_ee_initial": 0.001,
    "W_min": 0.0,
    "W_max": 1.0,
    "W_ei_min": 0.001,
    "h_ip": 0.1
  },
  "sim_steps": 6000000,
  "final_activity_E": 0.115,
  "final_activity_I": 0.1,
  "final_mean_threshold_E": 0.2950402978043888,
  "final_mean_threshold_I": 0.5241094130182409,
  "final_connection_fraction": 0.06899497487437185,
  "final_mean_weight": 0.07283321194464676,
  "eigenvalue_analysis": {
    "checkpoint_step": 2000000,
    "spectral_radius": 0.9999999999999987,
    "n_unstable": 0,
    "max_real_part": 0.9999999999999987,
    "mean_magnitude": 0.08400710851984847,
    "std_magnitude": 0.26980071705349973,
    "activity_E_at_checkpoint": 0.035,
    "activity_I_at_checkpoint": 0.15,
    "connection_fraction_at_checkpoint": 0.06884422110552764
  }
}