{
  "run_id": "seed_0",
  "seed": 645673,
  "parameters": {
    "N_E": 200,
    "N_I": 40,
    "eta_stdp": 0.004,
    "eta_istdp": 0.001,
    "eta_ip": 0.01,
    "lambda_": 20,
    "noise_sig": 0.22360679774997896,
    "h_ip": 0.01
  },
  "sim_steps": 300000,
  "final_activity_E": 0.01,
  "final_activity_I": 0.0,
  "final_mean_threshold": 0.5503500000001881,
  "final_connection_fraction": 0.16733668341708544,
  "final_mean_weight": 0.03003003003003003,
  "mean_activity_E": 0.010283333333333334,
  "std_activity_E": 0.007118266799033471,
  "mean_connection_fraction": 0.15488031825795645,
  "std_connection_fraction": 0.016755374614231287
}