{
  "run_id": "seed_8",
  "seed": 45959,
  "parameters": {
    "N_E": 200,
    "N_I": 40,
    "eta_stdp": 0.004,
    "eta_istdp": 0.001,
    "eta_ip": 0.01,
    "lambda_": 20,
    "noise_sig": 0.22360679774997896,
    "T_e_min": 0.0,
    "T_e_max": 0.5,
    "T_i_min": 0.0,
    "T_i_max": 1.0,
    "W_ee_initial": 0.001,
    "W_min": 0.0,
    "W_max": 1.0,
    "W_ei_min": 0.001,
    "h_ip": 0.1
  },
  "sim_steps": 6000000,
  "final_activity_E": 0.07,
  "final_activity_I": 0.175,
  "final_mean_threshold_E": 0.17340171380662872,
  "final_mean_threshold_I": 0.5106008199548799,
  "final_connection_fraction": 0.10170854271356784,
  "final_mean_weight": 0.04940711462450593,
  "eigenvalue_analysis": {
    "checkpoint_step": 2000000,
    "spectral_radius": 0.9999999999999993,
    "n_unstable": 0,
    "max_real_part": 0.9999999999999993,
    "mean_magnitude": 0.12759210010017563,
    "std_magnitude": 0.2830085426509717,
    "activity_E_at_checkpoint": 0.16,
    "activity_I_at_checkpoint": 0.15,
    "connection_fraction_at_checkpoint": 0.10256281407035175
  }
}