{
  "run_id": "seed_1",
  "seed": 45952,
  "parameters": {
    "N_E": 200,
    "N_I": 40,
    "eta_stdp": 0.004,
    "eta_istdp": 0.001,
    "eta_ip": 0.01,
    "lambda_": 20,
    "noise_sig": 0.22360679774997896,
    "T_e_min": 0.0,
    "T_e_max": 0.5,
    "T_i_min": 0.0,
    "T_i_max": 1.0,
    "W_ee_initial": 0.001,
    "W_min": 0.0,
    "W_max": 1.0,
    "W_ei_min": 0.001,
    "h_ip": 0.1
  },
  "sim_steps": 6000000,
  "final_activity_E": 0.12,
  "final_activity_I": 0.125,
  "final_mean_threshold_E": 0.23683235181755047,
  "final_mean_threshold_I": 0.5317895779898378,
  "final_connection_fraction": 0.1265577889447236,
  "final_mean_weight": 0.03970617431010522,
  "eigenvalue_analysis": {
    "checkpoint_step": 2000000,
    "spectral_radius": 1.0,
    "n_unstable": 0,
    "max_real_part": 1.0,
    "mean_magnitude": 0.05042460646369384,
    "std_magnitude": 0.19386850028096947,
    "activity_E_at_checkpoint": 0.075,
    "activity_I_at_checkpoint": 0.075,
    "connection_fraction_at_checkpoint": 0.12537688442211056
  }
}