{
  "run_id": "seed_3",
  "seed": 475088,
  "parameters": {
    "N_E": 200,
    "N_I": 40,
    "eta_stdp": 0.004,
    "eta_istdp": 0.001,
    "eta_ip": 0.0001,
    "lambda_": 20,
    "noise_sig": 0.22360679774997896,
    "T_e_min": 0.0,
    "T_e_max": 0.5,
    "T_i_min": 0.0,
    "T_i_max": 1.0,
    "W_ee_initial": 0.001,
    "W_min": 0.0,
    "W_max": 1.0,
    "W_ei_min": 0.001,
    "h_ip": 0.1
  },
  "sim_steps": 6000000,
  "final_activity_E": 0.005,
  "final_activity_I": 0.175,
  "final_mean_threshold_E": 0.2381716505201566,
  "final_mean_threshold_I": 0.4117441964821806,
  "final_connection_fraction": 0.14796482412060302,
  "final_mean_weight": 0.033961623365596876,
  "eigenvalue_analysis": {
    "checkpoint_step": 2000000,
    "spectral_radius": 0.9999999999999991,
    "n_unstable": 0,
    "max_real_part": 0.9999999999999991,
    "mean_magnitude": 0.05718333297096392,
    "std_magnitude": 0.1547023946603924,
    "activity_E_at_checkpoint": 0.015,
    "activity_I_at_checkpoint": 0.2,
    "connection_fraction_at_checkpoint": 0.15035175879396984
  }
}