{
  "run_id": "seed_7",
  "seed": 475092,
  "parameters": {
    "N_E": 200,
    "N_I": 40,
    "eta_stdp": 0.004,
    "eta_istdp": 0.001,
    "eta_ip": 0.0001,
    "lambda_": 20,
    "noise_sig": 0.22360679774997896,
    "T_e_min": 0.0,
    "T_e_max": 0.5,
    "T_i_min": 0.0,
    "T_i_max": 1.0,
    "W_ee_initial": 0.001,
    "W_min": 0.0,
    "W_max": 1.0,
    "W_ei_min": 0.001,
    "h_ip": 0.1
  },
  "sim_steps": 6000000,
  "final_activity_E": 0.35,
  "final_activity_I": 0.35,
  "final_mean_threshold_E": 0.23180276511370498,
  "final_mean_threshold_I": 0.46825693339663055,
  "final_connection_fraction": 0.11791457286432161,
  "final_mean_weight": 0.04261666311527807,
  "eigenvalue_analysis": {
    "checkpoint_step": 2000000,
    "spectral_radius": 1.0000000000000027,
    "n_unstable": 1,
    "max_real_part": 1.0000000000000027,
    "mean_magnitude": 0.05841116768094715,
    "std_magnitude": 0.1452018282298457,
    "activity_E_at_checkpoint": 0.13,
    "activity_I_at_checkpoint": 0.15,
    "connection_fraction_at_checkpoint": 0.11796482412060301
  }
}